<?xml version="1.0" encoding="UTF-8"?>
<dataroot xmlns="http://tempuri.org/Employees.xsd">
    <Employee>
        <ID>2200014587</ID>
        <FullName>Fuller, Andrew</FullName>
        <Title>Vice President, Sales</Title>
    </Employee>
    <Employee>
        <ID>3632012482</ID>
        <FullName>Leverling, Janet</FullName>
        <Title>Sales Representative</Title>
    </Employee>
    <Employee>
        <ID>5632447880</ID>
        <FullName>Peacock, Margaret</FullName>
        <Title>Sales Representative</Title>
    </Employee>
    <Employee>
        <ID>5012045405</ID>
        <FullName>Buchanan, Steven</FullName>
        <Title>Sales Manager</Title>
    </Employee>
    <Employee>
        <ID>8701201212</ID>
        <FullName>Suyama, Michael</FullName>
        <Title>Sales Representative</Title>
    </Employee>
    <Employee>
        <ID>0540564650</ID>
        <FullName>King, Robert</FullName>
        <Title>Sales Representative</Title>
    </Employee>
    <Employee>
        <ID>8421455540</ID>
        <FullName>Callahan, Laura</FullName>
        <Title>Inside Sales Coordinator</Title>
    </Employee>
    <Employee>
        <ID>9010021447</ID>
        <FullName>Dodsworth, Anne</FullName>
        <Title>Sales Representative</Title>
    </Employee>
</dataroot>